Year,Jday,p1.sm,p2.sm,p3.sm,p4.sm,p5.sm,p6.sm,p7.sm,p8.sm,p9.sm,p10.sm,p11.sm,p12.sm,p13.sm,p14.sm,p15.sm,p16.sm,p17.sm,p18.sm
2020,1,0.196208333,0.21525,0.195916667,0.178208333,0.204916667,0.198083333,0.228125,0.242833333,0.189958333,0.2595,0.20525,0.202208333,0.212833333,0.213125,0.162791667,0.191208333,0.159125,0.189916667
2020,2,0.190541667,0.212541667,0.192875,0.176125,0.202041667,0.195666667,0.225208333,0.239583333,0.184708333,0.255166667,0.202666667,0.196625,0.209208333,0.208583333,0.160916667,0.186625,0.154291667,0.188208333
2020,3,0.191291667,0.211375,0.190833333,0.174875,0.199458333,0.193958333,0.223458333,0.239208333,0.181458333,0.255333333,0.201333333,0.193666667,0.206916667,0.208166667,0.159,0.185291667,0.154708333,0.187083333
2020,4,0.20525,0.2135,0.197166667,0.187875,0.211291667,0.202,0.232083333,0.246291667,0.198166667,0.286375,0.210958333,0.205708333,0.229083333,0.2575,0.165458333,0.196791667,0.180083333,0.193791667
2020,5,0.205125,0.217,0.203541667,0.190083333,0.217458333,0.203333333,0.235916667,0.247583333,0.204416667,0.275791667,0.213333333,0.212,0.232583333,0.250083333,0.169,0.1975,0.17425,0.195083333
2020,6,0.19325,0.213833333,0.19725,0.181375,0.209375,0.197625,0.230625,0.243333333,0.19025,0.261958333,0.207583333,0.199916667,0.220208333,0.224708333,0.163416667,0.189833333,0.159625,0.190708333
2020,7,0.189416667,0.211958333,0.193541667,0.177875,0.205166667,0.194833333,0.227583333,0.240916667,0.184333333,0.258541667,0.204666667,0.19525,0.214041667,0.214208333,0.160416667,0.185833333,0.154666667,0.188416667
2020,8,0.186916667,0.210875,0.191166667,0.175833333,0.202125,0.192583333,0.2255,0.239125,0.180666667,0.256416667,0.202625,0.1925,0.2105,0.208208333,0.157833333,0.183333333,0.151666667,0.18675
2020,9,0.18375,0.208,0.186875,0.172041667,0.200083333,0.186708333,0.220791667,0.23575,0.176,0.251041667,0.200166667,0.189125,0.206333333,0.202875,0.155666667,0.180666667,0.145833333,0.182125
2020,10,0.181958333,0.206125,0.183791667,0.168625,0.19475,0.188875,0.219333333,0.23425,0.173458333,0.24825,0.198083333,0.188458333,0.2035,0.199416667,0.15475,0.17975,0.142708333,0.179583333
2020,11,0.182708333,0.23175,0.210458333,0.195125,0.223375,0.189125,0.266083333,0.235,0.223458333,0.295166667,0.223416667,0.192625,0.235208333,0.244666667,0.154,0.182375,0.194125,0.206166667
2020,12,0.183041667,0.256333333,0.232083333,0.200375,0.242708333,0.190541667,0.256375,0.236958333,0.223666667,0.298791667,0.23675,0.192083333,0.241541667,0.261625,0.15425,0.181791667,0.208666667,0.230041667
2020,13,0.183708333,0.231333333,0.212041667,0.187875,0.220125,0.189416667,0.244083333,0.239291667,0.200416667,0.278041667,0.219375,0.191125,0.226,0.230583333,0.154083333,0.179375,0.1735,0.215333333
2020,14,0.184875,0.2265,0.205916667,0.184708333,0.21425,0.190041667,0.240125,0.240125,0.192,0.274291667,0.215166667,0.190583333,0.218875,0.219875,0.154,0.177458333,0.16575,0.207416667
2020,15,0.185208333,0.224458333,0.203083333,0.183,0.211583333,0.190708333,0.237791667,0.240208333,0.187625,0.271541667,0.213708333,0.190708333,0.215291667,0.213708333,0.153458333,0.176625,0.162333333,0.20275
2020,16,0.186166667,0.2225,0.201208333,0.181541667,0.209791667,0.192541667,0.23575,0.240583333,0.185166667,0.268958333,0.211833333,0.191916667,0.213208333,0.209666667,0.154625,0.176791667,0.159541667,0.199375
2020,17,0.186625,0.21925,0.197958333,0.176333333,0.207958333,0.188708333,0.232458333,0.239625,0.181583333,0.264625,0.209125,0.192375,0.2105,0.204625,0.156041667,0.177458333,0.155,0.195291667
2020,18,0.183458333,0.214666667,0.192458333,0.170375,0.206291667,0.1875,0.228708333,0.237583333,0.177375,0.258916667,0.2055,0.189375,0.206666667,0.200458333,0.154958333,0.176166667,0.148041667,0.188875
2020,19,0.185,0.214458333,0.192916667,0.172791667,0.205916667,0.192916667,0.229625,0.239458333,0.177291667,0.258791667,0.205958333,0.191666667,0.206708333,0.201666667,0.157208333,0.176666667,0.147,0.187125
2020,20,0.189458333,0.213958333,0.1935,0.1725,0.204208333,0.193958333,0.22775,0.240541667,0.178,0.258125,0.205416667,0.193958333,0.207,0.200291667,0.161958333,0.1785,0.146791667,0.186416667
2020,21,0.186875,0.212,0.19125,0.169583333,0.20225,0.193041667,0.225541667,0.238833333,0.177041667,0.255083333,0.2035,0.192875,0.205583333,0.198833333,0.160375,0.178708333,0.144708333,0.184541667
2020,22,0.184666667,0.2105,0.189041667,0.168625,0.200541667,0.192583333,0.223708333,0.237125,0.176,0.253125,0.201833333,0.191041667,0.204125,0.197458333,0.157916667,0.177583333,0.142958333,0.183083333
2020,23,0.185,0.20925,0.188208333,0.169083333,0.199041667,0.192958333,0.222625,0.2365,0.175208333,0.251958333,0.201125,0.190541667,0.203708333,0.196083333,0.156625,0.177458333,0.142,0.181458333
2020,24,0.188875,0.209,0.188833333,0.171333333,0.197791667,0.194375,0.221666667,0.237458333,0.175333333,0.251416667,0.201,0.192583333,0.204,0.195166667,0.157,0.179166667,0.142625,0.181
2020,25,0.207291667,0.213833333,0.1905,0.175041667,0.211791667,0.203333333,0.223625,0.242875,0.178958333,0.263333333,0.204916667,0.210666667,0.214291667,0.204375,0.166,0.187,0.145333333,0.184083333
2020,26,0.222041667,0.243333333,0.215666667,0.190458333,0.257791667,0.222625,0.249083333,0.260875,0.213875,0.299,0.2255,0.236916667,0.264125,0.252875,0.186666667,0.210125,0.17025,0.21575
2020,27,0.20175,0.230416667,0.208708333,0.186541667,0.2285,0.206125,0.24525,0.255208333,0.199875,0.284708333,0.2195,0.213791667,0.238916667,0.230833333,0.172583333,0.196666667,0.165375,0.210083333
2020,28,0.196416667,0.22675,0.205041667,0.184583333,0.223375,0.2015,0.241916667,0.25225,0.195,0.281,0.217708333,0.2065,0.230416667,0.222375,0.167166667,0.190708333,0.162125,0.205791667
2020,29,0.192416667,0.222875,0.201333333,0.181791667,0.219291667,0.198333333,0.237916667,0.24925,0.190583333,0.275208333,0.214916667,0.201958333,0.224125,0.216416667,0.163666667,0.18675,0.157833333,0.201791667
2020,30,0.188125,0.218041667,0.19525,0.177375,0.216,0.194333333,0.233041667,0.246333333,0.184625,0.267416667,0.210708333,0.198208333,0.217458333,0.210416667,0.161291667,0.18375,0.15,0.195458333
2020,31,0.186916667,0.214708333,0.1915,0.175166667,0.211583333,0.194541667,0.230541667,0.244708333,0.180583333,0.262958333,0.207583333,0.19675,0.213625,0.206791667,0.160125,0.181916667,0.145833333,0.191083333
2020,32,0.185583333,0.214041667,0.193333333,0.176833333,0.209833333,0.194416667,0.230791667,0.244,0.180583333,0.263083333,0.208458333,0.196291667,0.213833333,0.205541667,0.159125,0.18075,0.146541667,0.189625
2020,33,0.184541667,0.214,0.194,0.17675,0.208208333,0.193625,0.229875,0.243291667,0.181,0.263333333,0.208541667,0.1955,0.214,0.203625,0.158125,0.179666667,0.147666667,0.188375
2020,34,0.182916667,0.212958333,0.192833333,0.175791667,0.206583333,0.192625,0.227875,0.241333333,0.180375,0.261458333,0.207166667,0.193875,0.213083333,0.201791667,0.157541667,0.178625,0.146875,0.187208333
2020,35,0.181458333,0.212,0.192125,0.175125,0.204541667,0.191666667,0.226458333,0.23975,0.180458333,0.259708333,0.206083333,0.19275,0.21275,0.200375,0.156458333,0.1775,0.147666667,0.186541667
2020,36,0.180375,0.216583333,0.19625,0.178666667,0.206541667,0.19225,0.230083333,0.238,0.188541667,0.262333333,0.211958333,0.192208333,0.218375,0.208291667,0.156,0.177125,0.152916667,0.187458333
2020,37,0.179,0.216375,0.194333333,0.176625,0.205708333,0.191333333,0.226625,0.236958333,0.185833333,0.259833333,0.209875,0.191458333,0.216083333,0.207666667,0.155125,0.176708333,0.151333333,0.188
2020,38,0.19775,0.220041667,0.199125,0.185458333,0.220625,0.194958333,0.25225,0.243666667,0.190833333,0.2815,0.214125,0.201875,0.225625,0.243083333,0.160541667,0.185,0.166458333,0.194541667
2020,39,0.198916667,0.21575,0.197958333,0.183291667,0.219375,0.197,0.231958333,0.245208333,0.189791667,0.264541667,0.212708333,0.203291667,0.226875,0.233625,0.165666667,0.1905,0.157875,0.199583333
2020,40,0.188291667,0.208208333,0.186791667,0.171583333,0.205083333,0.193791667,0.22275,0.239916667,0.178541667,0.251833333,0.203791667,0.195541667,0.212875,0.213416667,0.160666667,0.185208333,0.144041667,0.18825
2020,41,0.194,0.212708333,0.186833333,0.178,0.201375,0.197791667,0.229791667,0.244666667,0.179416667,0.251166667,0.203625,0.1975,0.214333333,0.21025,0.162958333,0.1865,0.148166667,0.190375
2020,42,0.207166667,0.225,0.194416667,0.190833333,0.203458333,0.205666667,0.239916667,0.253541667,0.194041667,0.256708333,0.2075,0.21,0.226708333,0.222333333,0.175041667,0.196125,0.167458333,0.206041667
2020,43,0.204875,0.225541667,0.1975,0.1875,0.209625,0.20575,0.236666667,0.250875,0.194958333,0.26125,0.213083333,0.210291667,0.225625,0.22625,0.174541667,0.198375,0.161833333,0.20675
2020,44,0.205416667,0.226708333,0.196833333,0.183916667,0.222333333,0.204958333,0.239,0.257041667,0.19875,0.264208333,0.216916667,0.209833333,0.226083333,0.235,0.170583333,0.197083333,0.161916667,0.201208333
2020,45,0.203291667,0.227041667,0.198875,0.184375,0.22025,0.202125,0.238208333,0.255583333,0.19975,0.26475,0.217125,0.210125,0.227291667,0.235041667,0.172833333,0.197041667,0.162375,0.200208333
2020,46,0.192583333,0.216,0.192708333,0.177833333,0.21,0.193791667,0.229666667,0.245916667,0.186958333,0.255875,0.210625,0.2005,0.217791667,0.219541667,0.165625,0.190166667,0.151583333,0.1955
2020,47,0.187416667,0.211375,0.188291667,0.174166667,0.204833333,0.19575,0.227041667,0.242875,0.180875,0.252708333,0.207208333,0.1965,0.211958333,0.211083333,0.162458333,0.186791667,0.145041667,0.190208333
2020,48,0.187125,0.210083333,0.187791667,0.174208333,0.202166667,0.195083333,0.226083333,0.24225,0.17925,0.2525,0.205791667,0.196,0.210125,0.206041667,0.161583333,0.185833333,0.143375,0.187041667
2020,49,0.187541667,0.209041667,0.187208333,0.173166667,0.20075,0.1955,0.22475,0.241458333,0.178,0.251208333,0.205541667,0.197458333,0.208958333,0.203166667,0.161833333,0.185333333,0.142791667,0.184625
2020,50,0.197625,0.218583333,0.194541667,0.174291667,0.209041667,0.200875,0.2315,0.248791667,0.190041667,0.257916667,0.213083333,0.208916667,0.215916667,0.216041667,0.170458333,0.192791667,0.155041667,0.187625
2020,51,0.190375,0.214916667,0.190541667,0.172625,0.203958333,0.194125,0.224541667,0.242541667,0.184208333,0.253625,0.209125,0.199958333,0.212125,0.210541667,0.16475,0.188791667,0.150208333,0.186833333
2020,52,0.184708333,0.208708333,0.184083333,0.169166667,0.199541667,0.189416667,0.219708333,0.237625,0.176916667,0.247541667,0.204291667,0.193708333,0.206541667,0.204041667,0.159875,0.184833333,0.142916667,0.182375
2020,53,0.183083333,0.205375,0.179583333,0.166208333,0.194958333,0.190416667,0.217625,0.236,0.172083333,0.244291667,0.200583333,0.191833333,0.2025,0.199625,0.157375,0.182291667,0.136916667,0.177833333
2020,54,0.19,0.204416667,0.179208333,0.166333333,0.19325,0.195333333,0.21825,0.238875,0.170583333,0.243875,0.20025,0.199583333,0.202541667,0.197458333,0.156625,0.184666667,0.134583333,0.175291667
2020,55,0.18875,0.207333333,0.182333333,0.168625,0.1955,0.195833333,0.2215,0.238541667,0.17275,0.2475,0.207208333,0.202125,0.209375,0.197416667,0.155666667,0.192708333,0.135666667,0.176708333
2020,56,0.183541667,0.224625,0.197333333,0.179333333,0.211791667,0.192458333,0.232583333,0.235583333,0.189708333,0.260583333,0.219458333,0.199791667,0.22475,0.218041667,0.15475,0.191916667,0.149875,0.192541667
2020,57,0.183416667,0.251875,0.225333333,0.195458333,0.23475,0.195,0.245333333,0.236041667,0.216625,0.275666667,0.234625,0.197708333,0.239791667,0.249916667,0.156541667,0.1925,0.196541667,0.210125
2020,58,0.210791667,0.279458333,0.244416667,0.211,0.284625,0.213041667,0.274541667,0.252166667,0.248833333,0.307708333,0.250291667,0.222166667,0.253916667,0.284,0.174916667,0.209875,0.220583333,0.243791667
2020,59,0.200458333,0.240708333,0.217041667,0.194083333,0.244291667,0.202375,0.261208333,0.255583333,0.210541667,0.289291667,0.229375,0.210416667,0.233291667,0.243125,0.170166667,0.19825,0.175458333,0.22
2020,60,0.195208333,0.227416667,0.201541667,0.18325,0.229375,0.196833333,0.248791667,0.254416667,0.194125,0.276375,0.219958333,0.204791667,0.222416667,0.226291667,0.165,0.191791667,0.157041667,0.203583333
2020,61,0.19225,0.217458333,0.19175,0.174583333,0.217708333,0.193916667,0.234416667,0.251666667,0.182666667,0.265,0.210833333,0.201625,0.213291667,0.215291667,0.162916667,0.188458333,0.141041667,0.190333333
2020,62,0.19125,0.217666667,0.194,0.174875,0.21925,0.195541667,0.237666667,0.250958333,0.189291667,0.273541667,0.216833333,0.201208333,0.2125,0.220208333,0.162166667,0.186541667,0.136041667,0.18925
2020,63,0.190583333,0.262708333,0.224375,0.198333333,0.245041667,0.198833333,0.255666667,0.251125,0.202916667,0.297916667,0.242833333,0.201291667,0.226708333,0.249583333,0.162458333,0.18625,0.175,0.215416667
2020,64,0.200166667,0.261291667,0.233375,0.2075,0.246583333,0.206958333,0.258,0.256791667,0.209041667,0.294541667,0.241916667,0.209,0.237083333,0.249125,0.170125,0.192375,0.199791667,0.222333333
2020,65,0.195208333,0.242708333,0.218625,0.19775,0.233458333,0.2,0.250583333,0.254833333,0.19825,0.28575,0.231458333,0.205041667,0.227833333,0.23275,0.166791667,0.18825,0.182125,0.21225
2020,66,0.193416667,0.237416667,0.214083333,0.193833333,0.22825,0.198,0.246833333,0.25375,0.192916667,0.281041667,0.227166667,0.203333333,0.223958333,0.224958333,0.164708333,0.186083333,0.176958333,0.208666667
2020,67,0.192166667,0.23375,0.21125,0.190666667,0.224625,0.196708333,0.243875,0.25225,0.19025,0.2775,0.223875,0.201916667,0.221291667,0.220333333,0.163666667,0.184291667,0.17125,0.205708333
2020,68,0.190625,0.22975,0.20775,0.187125,0.221541667,0.196166667,0.240666667,0.250916667,0.18775,0.273125,0.220666667,0.201041667,0.219041667,0.217291667,0.163,0.183375,0.166458333,0.201708333
2020,69,0.18925,0.230541667,0.206875,0.186958333,0.21875,0.195916667,0.238458333,0.25,0.186625,0.271375,0.219083333,0.200208333,0.218208333,0.214916667,0.162375,0.1825,0.17375,0.204458333
2020,70,0.187708333,0.232208333,0.205166667,0.1865,0.216708333,0.194791667,0.236375,0.248625,0.184791667,0.269,0.217,0.199,0.216333333,0.212625,0.162,0.18125,0.179,0.208125
2020,71,0.192041667,0.229958333,0.203166667,0.1845,0.215333333,0.19475,0.234791667,0.247,0.184291667,0.267458333,0.216458333,0.198125,0.215125,0.210833333,0.161375,0.180875,0.177708333,0.20725
2020,72,0.184583333,0.225833333,0.201166667,0.183,0.2135,0.193583333,0.232791667,0.245791667,0.183083333,0.264875,0.2145,0.196833333,0.214,0.208875,0.160708333,0.179791667,0.171125,0.203666667
2020,73,0.205333333,0.250666667,0.216375,0.193583333,0.230291667,0.214541667,0.250291667,0.255541667,0.201,0.276458333,0.23175,0.217208333,0.227916667,0.23125,0.175291667,0.196125,0.192,0.218625
2020,74,0.200125,0.23875,0.213875,0.192,0.227166667,0.206708333,0.247291667,0.256541667,0.19825,0.275916667,0.226208333,0.211166667,0.228375,0.227875,0.172041667,0.1935,0.182125,0.219833333
2020,75,0.19425,0.231125,0.208666667,0.18825,0.222541667,0.201125,0.242583333,0.253625,0.191541667,0.271833333,0.22175,0.205541667,0.222666667,0.220041667,0.167375,0.188333333,0.171416667,0.210208333
2020,76,0.190791667,0.227041667,0.20575,0.185791667,0.220208333,0.198958333,0.23925,0.25125,0.188208333,0.2685,0.218625,0.202416667,0.219375,0.215708333,0.164875,0.185791667,0.165125,0.203916667
2020,77,0.189625,0.225541667,0.205041667,0.18525,0.218541667,0.199916667,0.238416667,0.250875,0.18725,0.268291667,0.218,0.201791667,0.2185,0.213291667,0.163958333,0.184458333,0.16325,0.201
2020,78,0.188,0.224166667,0.204083333,0.184333333,0.217041667,0.198583333,0.23625,0.249208333,0.186541667,0.266333333,0.217041667,0.200833333,0.217666667,0.211625,0.162833333,0.183416667,0.1615,0.198791667
2020,79,0.199416667,0.224833333,0.210166667,0.186083333,0.24725,0.20075,0.242666667,0.256416667,0.195291667,0.282833333,0.227291667,0.216333333,0.224208333,0.228666667,0.16675,0.189666667,0.168416667,0.197958333
2020,80,0.205208333,0.234958333,0.218375,0.192083333,0.240666667,0.208666667,0.25075,0.262541667,0.204958333,0.284166667,0.233125,0.2155,0.231375,0.234833333,0.172458333,0.198708333,0.179708333,0.204958333
2020,81,0.198125,0.231166667,0.211458333,0.188958333,0.230875,0.202916667,0.24575,0.258375,0.196375,0.277291667,0.225791667,0.20925,0.225916667,0.225083333,0.168208333,0.192291667,0.17175,0.203916667
2020,82,0.193208333,0.227166667,0.207375,0.186291667,0.225458333,0.200375,0.241458333,0.254916667,0.191333333,0.271666667,0.221416667,0.205291667,0.221583333,0.219041667,0.166041667,0.188791667,0.165291667,0.200875
2020,83,0.190583333,0.225208333,0.205958333,0.185208333,0.221791667,0.199958333,0.239541667,0.253,0.18925,0.269458333,0.219375,0.203541667,0.219541667,0.215375,0.164791667,0.186708333,0.162333333,0.198708333
2020,84,0.21225,0.225916667,0.214666667,0.186,0.262541667,0.204416667,0.247458333,0.26625,0.190916667,0.302,0.223,0.226875,0.229083333,0.240541667,0.168458333,0.194083333,0.163958333,0.197333333
2020,85,0.211166667,0.228875,0.216541667,0.18775,0.247333333,0.206791667,0.254583333,0.269708333,0.198041667,0.289916667,0.232,0.221583333,0.230666667,0.23875,0.173,0.197916667,0.16925,0.198583333
2020,86,0.216625,0.237416667,0.219,0.192666667,0.260875,0.21025,0.261291667,0.271291667,0.206333333,0.29675,0.242166667,0.223791667,0.239125,0.246541667,0.177458333,0.202166667,0.174,0.200708333
2020,87,0.207875,0.25225,0.226,0.1995,0.261958333,0.209125,0.270708333,0.273125,0.211541667,0.303166667,0.246041667,0.219958333,0.236708333,0.246416667,0.175208333,0.200083333,0.192125,0.213208333
2020,88,0.203541667,0.240625,0.219083333,0.1955,0.249916667,0.206791667,0.262833333,0.270458333,0.201541667,0.296041667,0.23725,0.216416667,0.230916667,0.232583333,0.172083333,0.194541667,0.180875,0.212625
2020,89,0.216208333,0.25175,0.226166667,0.200166667,0.253125,0.220041667,0.273833333,0.276333333,0.208416667,0.300208333,0.249708333,0.226541667,0.240875,0.237166667,0.180208333,0.207166667,0.188791667,0.220458333
2020,90,0.216541667,0.251625,0.22725,0.202416667,0.258333333,0.221416667,0.284416667,0.28475,0.209625,0.307583333,0.24725,0.228375,0.241416667,0.238375,0.182416667,0.209708333,0.189333333,0.227041667
2020,91,0.21275,0.246208333,0.224875,0.200541667,0.256666667,0.217291667,0.27775,0.283458333,0.2065,0.304416667,0.243416667,0.225791667,0.238208333,0.235083333,0.180041667,0.203625,0.180125,0.219333333
2020,92,0.209,0.241666667,0.222625,0.198375,0.253833333,0.214333333,0.272083333,0.280541667,0.203791667,0.300125,0.239333333,0.223291667,0.236541667,0.23225,0.178875,0.19975,0.173375,0.213625
2020,93,0.206833333,0.240083333,0.221458333,0.197083333,0.250958333,0.213708333,0.268875,0.278666667,0.202458333,0.297,0.238666667,0.222041667,0.235916667,0.230875,0.178166667,0.199,0.171458333,0.210333333
2020,94,0.223375,0.2575,0.232333333,0.205458333,0.259041667,0.227125,0.291583333,0.291416667,0.21375,0.308416667,0.256583333,0.235625,0.255875,0.245666667,0.190208333,0.215083333,0.194916667,0.22775
2020,95,0.216375,0.251875,0.22925,0.204583333,0.260291667,0.222166667,0.289916667,0.294541667,0.210375,0.309583333,0.250333333,0.232041667,0.24725,0.239125,0.18525,0.207125,0.184875,0.2265
2020,96,0.211791667,0.245833333,0.226416667,0.201583333,0.257208333,0.218208333,0.280291667,0.289625,0.206708333,0.304708333,0.244708333,0.227875,0.242291667,0.234833333,0.183083333,0.202333333,0.176041667,0.217791667
2020,97,0.208,0.242458333,0.223708333,0.199166667,0.253916667,0.216,0.273541667,0.28525,0.204166667,0.299875,0.240958333,0.225041667,0.239166667,0.232208333,0.1815,0.199833333,0.171666667,0.212666667
2020,98,0.204791667,0.23975,0.221583333,0.197375,0.250791667,0.214125,0.268708333,0.281541667,0.201833333,0.295583333,0.238416667,0.2225,0.236833333,0.229458333,0.179791667,0.197791667,0.168666667,0.209291667
2020,99,0.201833333,0.237583333,0.219833333,0.195833333,0.247958333,0.212708333,0.265041667,0.278791667,0.2005,0.292416667,0.236416667,0.220541667,0.235166667,0.22725,0.178291667,0.195833333,0.166708333,0.206708333
2020,100,0.21325,0.252416667,0.225666667,0.1995,0.255208333,0.222,0.27875,0.284625,0.209041667,0.299333333,0.245458333,0.230541667,0.256083333,0.238083333,0.186875,0.207125,0.1765,0.208625
2020,101,0.215,0.254041667,0.229458333,0.202708333,0.262416667,0.224958333,0.288916667,0.2945,0.212791667,0.306708333,0.249625,0.234375,0.256416667,0.239708333,0.188208333,0.208375,0.180916667,0.214916667
2020,102,0.210583333,0.249166667,0.226458333,0.200333333,0.256666667,0.221666667,0.278208333,0.288583333,0.208875,0.301583333,0.24625,0.229916667,0.249583333,0.235458333,0.184875,0.203708333,0.175625,0.212833333
2020,103,0.206,0.243375,0.222208333,0.197541667,0.250083333,0.21725,0.269,0.282083333,0.20425,0.294875,0.240333333,0.224666667,0.243416667,0.230458333,0.180666667,0.198916667,0.170458333,0.209541667
2020,104,0.239958333,0.286083333,0.242666667,0.227375,0.28025,0.250291667,0.353958333,0.326,0.242583333,0.335875,0.280666667,0.256375,0.286625,0.257625,0.200083333,0.231291667,0.201625,0.233166667
2020,105,0.248208333,0.300458333,0.254875,0.253708333,0.306,0.254958333,0.409,0.383541667,0.256125,0.390958333,0.303083333,0.273541667,0.294666667,0.262083333,0.205625,0.227875,0.194583333,0.239708333
2020,106,0.237333333,0.290708333,0.25,0.24175,0.295458333,0.248,0.38425,0.374875,0.244458333,0.376791667,0.287166667,0.262458333,0.283208333,0.254916667,0.202625,0.221458333,0.185916667,0.230375
2020,107,0.230583333,0.284166667,0.246291667,0.234541667,0.287708333,0.244875,0.3555,0.363625,0.238708333,0.35225,0.280541667,0.256291667,0.276375,0.251208333,0.199791667,0.218,0.1835,0.226916667
2020,108,0.224916667,0.278333333,0.24275,0.23,0.281791667,0.240291667,0.333833333,0.352583333,0.23375,0.341583333,0.274208333,0.250916667,0.270875,0.2475,0.196583333,0.213666667,0.180333333,0.223541667
2020,109,0.226458333,0.274625,0.24125,0.227583333,0.284666667,0.240583333,0.330333333,0.351375,0.231291667,0.337333333,0.274916667,0.252375,0.269583333,0.249541667,0.198125,0.214666667,0.17925,0.221125
2020,110,0.2275,0.282708333,0.24575,0.231583333,0.289958333,0.241666667,0.339208333,0.355833333,0.234791667,0.34475,0.285083333,0.254125,0.271916667,0.256916667,0.197541667,0.217416667,0.183541667,0.222791667
2020,111,0.223666667,0.279833333,0.243625,0.230458333,0.285041667,0.239083333,0.331833333,0.350416667,0.232125,0.341375,0.278041667,0.251708333,0.270083333,0.249208333,0.196,0.21275,0.182375,0.22275
2020,112,0.228625,0.283166667,0.245291667,0.230625,0.285875,0.245875,0.338125,0.349875,0.238041667,0.342208333,0.282,0.254833333,0.274125,0.251416667,0.198625,0.21925,0.188666667,0.223375
2020,113,0.229583333,0.285875,0.247333333,0.233166667,0.2925,0.246375,0.343083333,0.355416667,0.239625,0.347708333,0.284708333,0.257416667,0.275916667,0.252166667,0.199708333,0.21825,0.187958333,0.225791667
2020,114,0.222375,0.277375,0.242125,0.228458333,0.282041667,0.2405,0.325625,0.3425,0.232166667,0.336291667,0.274291667,0.250416667,0.269583333,0.246625,0.195291667,0.212791667,0.18075,0.2225
2020,115,0.226583333,0.273875,0.240083333,0.225375,0.276625,0.24025,0.318458333,0.334,0.229583333,0.331666667,0.2725,0.247541667,0.266208333,0.243916667,0.193833333,0.212291667,0.179958333,0.221291667
2020,116,0.216791667,0.269833333,0.236625,0.222666667,0.272041667,0.235583333,0.3095,0.324875,0.226041667,0.325375,0.267625,0.243375,0.262083333,0.241375,0.191333333,0.209166667,0.177958333,0.219291667
2020,117,0.212083333,0.264875,0.23275,0.218916667,0.266583333,0.232416667,0.29975,0.315958333,0.221625,0.318041667,0.263083333,0.239166667,0.257333333,0.237375,0.188416667,0.206333333,0.17475,0.215791667
2020,118,0.219375,0.270958333,0.23675,0.222708333,0.269,0.24,0.309916667,0.323791667,0.225541667,0.321333333,0.273291667,0.244833333,0.266,0.241833333,0.194083333,0.214291667,0.184625,0.222958333
2020,119,0.221375,0.273666667,0.238583333,0.226375,0.27225,0.238583333,0.319041667,0.332666667,0.226583333,0.326458333,0.275041667,0.247208333,0.264208333,0.244083333,0.193708333,0.214375,0.190625,0.232416667
2020,120,0.215166667,0.267291667,0.234333333,0.22225,0.2685,0.233375,0.305583333,0.321083333,0.22275,0.320916667,0.266291667,0.241708333,0.25675,0.239458333,0.189916667,0.208,0.17875,0.221583333
2020,121,0.219916667,0.271583333,0.236625,0.223375,0.269291667,0.238125,0.309166667,0.323208333,0.224416667,0.32225,0.272458333,0.245333333,0.258041667,0.242416667,0.193666667,0.213791667,0.182958333,0.222958333
2020,122,0.243166667,0.301541667,0.25525,0.248125,0.303708333,0.262416667,0.369208333,0.361916667,0.249416667,0.371916667,0.309083333,0.270708333,0.304916667,0.260791667,0.209083333,0.235083333,0.206,0.245958333
2020,123,0.240333333,0.300083333,0.256083333,0.249666667,0.310833333,0.2585,0.361625,0.364458333,0.247666667,0.376083333,0.30325,0.2715,0.296833333,0.257875,0.207333333,0.227041667,0.194041667,0.23725
2020,124,0.232583333,0.291875,0.2515,0.241541667,0.300875,0.251541667,0.340541667,0.356333333,0.240458333,0.358041667,0.289416667,0.262958333,0.2855,0.253208333,0.203125,0.221291667,0.18625,0.230458333
2020,125,0.225916667,0.284291667,0.246625,0.234958333,0.291958333,0.246083333,0.326833333,0.346291667,0.235208333,0.342416667,0.280375,0.255791667,0.277,0.248791667,0.19925,0.216708333,0.182,0.225833333
2020,126,0.219541667,0.277125,0.241916667,0.228625,0.281666667,0.241458333,0.3135,0.333583333,0.225458333,0.330916667,0.271958333,0.249583333,0.269541667,0.244541667,0.1955,0.212541667,0.178916667,0.221791667
2020,127,0.215,0.271375,0.237583333,0.224083333,0.273333333,0.237708333,0.30375,0.323208333,0.216291667,0.32225,0.266125,0.2445,0.263541667,0.240541667,0.192333333,0.209583333,0.176416667,0.218416667
2020,128,0.210833333,0.267125,0.234291667,0.220666667,0.268333333,0.234708333,0.296875,0.316291667,0.213291667,0.316541667,0.262166667,0.240458333,0.259375,0.237666667,0.189916667,0.206958333,0.174416667,0.215875
2020,129,0.207083333,0.262666667,0.23075,0.217083333,0.262708333,0.232125,0.289791667,0.309208333,0.210458333,0.310541667,0.258666667,0.236458333,0.2545,0.234625,0.187166667,0.204916667,0.172583333,0.213833333
2020,130,0.213625,0.268125,0.234125,0.21825,0.265041667,0.238625,0.295666667,0.315583333,0.214625,0.313416667,0.268666667,0.241541667,0.259166667,0.240208333,0.192458333,0.211833333,0.182875,0.217625
2020,131,0.208791667,0.264041667,0.230708333,0.217208333,0.262291667,0.232833333,0.290458333,0.309416667,0.211041667,0.310833333,0.261708333,0.237,0.25475,0.236333333,0.186666667,0.206583333,0.17725,0.215625
2020,132,0.206625,0.261916667,0.229208333,0.215666667,0.258541667,0.232791667,0.286208333,0.305416667,0.209458333,0.307958333,0.261833333,0.235125,0.253041667,0.2345,0.185375,0.205833333,0.176125,0.213833333
2020,133,0.208083333,0.261458333,0.228625,0.215625,0.257708333,0.231958333,0.285833333,0.305,0.209416667,0.307,0.260916667,0.234375,0.252375,0.235125,0.186083333,0.205916667,0.17825,0.214666667
2020,134,0.202666667,0.256208333,0.224416667,0.212041667,0.252125,0.226958333,0.278041667,0.297208333,0.204958333,0.300625,0.254083333,0.229125,0.246583333,0.230041667,0.181583333,0.20125,0.172291667,0.211583333
2020,135,0.198666667,0.251583333,0.221,0.209083333,0.247125,0.223666667,0.271958333,0.291416667,0.201291667,0.295083333,0.24975,0.224916667,0.242333333,0.226458333,0.178708333,0.198291667,0.168791667,0.208375
2020,136,0.201375,0.25325,0.222958333,0.209458333,0.246875,0.23,0.274166667,0.292625,0.205666667,0.294916667,0.252541667,0.229708333,0.24875,0.233125,0.181458333,0.206333333,0.173041667,0.212458333
2020,137,0.211208333,0.260375,0.230041667,0.215583333,0.255291667,0.236291667,0.290875,0.308125,0.21375,0.303166667,0.261208333,0.23825,0.257458333,0.243583333,0.188416667,0.216916667,0.183916667,0.227541667
2020,138,0.200875,0.25325,0.222833333,0.211166667,0.249333333,0.226833333,0.278333333,0.297041667,0.204708333,0.297291667,0.253041667,0.228916667,0.245916667,0.230708333,0.180333333,0.203833333,0.172375,0.21375
2020,139,0.196833333,0.248833333,0.219208333,0.208208333,0.244458333,0.223958333,0.27125,0.29,0.201083333,0.293541667,0.248583333,0.22425,0.241083333,0.225625,0.177625,0.19925,0.168,0.207625
2020,140,0.192125,0.2445,0.215833333,0.205166667,0.239458333,0.220375,0.264625,0.283875,0.197875,0.288916667,0.244708333,0.22025,0.237125,0.221541667,0.174833333,0.196083333,0.165041667,0.203
2020,141,0.188375,0.239666667,0.212375,0.201583333,0.234541667,0.21725,0.258458333,0.27825,0.194416667,0.283416667,0.240208333,0.216416667,0.233166667,0.217291667,0.171958333,0.193208333,0.162208333,0.199208333
2020,142,0.184,0.235416667,0.208958333,0.198541667,0.229916667,0.214458333,0.253291667,0.27325,0.19125,0.278583333,0.236583333,0.212666667,0.229708333,0.214041667,0.16925,0.190708333,0.159916667,0.19525
2020,143,0.179708333,0.232125,0.205958333,0.195833333,0.226125,0.212041667,0.248708333,0.26925,0.188125,0.273708333,0.232708333,0.208958333,0.226166667,0.211,0.167083333,0.188708333,0.157166667,0.191666667
2020,144,0.176,0.228375,0.202583333,0.192791667,0.221541667,0.209083333,0.243833333,0.2645,0.185125,0.269083333,0.229,0.204708333,0.222541667,0.20775,0.164666667,0.187,0.155,0.187625
2020,145,0.172791667,0.224833333,0.199833333,0.189875,0.217875,0.2065,0.239541667,0.260166667,0.182541667,0.264791667,0.225791667,0.201791667,0.219291667,0.205291667,0.16225,0.185125,0.153083333,0.18475
2020,146,0.170791667,0.22225,0.197541667,0.187708333,0.214416667,0.205,0.236208333,0.257125,0.180375,0.261333333,0.222875,0.199375,0.216833333,0.202916667,0.160708333,0.183333333,0.151583333,0.182208333
2020,147,0.168291667,0.219125,0.194916667,0.185666667,0.20825,0.203,0.232708333,0.253541667,0.177708333,0.257541667,0.21975,0.196125,0.213708333,0.200541667,0.158916667,0.181583333,0.149291667,0.179458333
2020,148,0.163791667,0.21425,0.190583333,0.182333333,0.2015,0.200166667,0.228166667,0.248708333,0.174125,0.253333333,0.215583333,0.191666667,0.209375,0.197,0.156083333,0.179541667,0.146166667,0.175125
2020,149,0.161166667,0.210666667,0.186958333,0.17925,0.197958333,0.197958333,0.22425,0.244625,0.171333333,0.249541667,0.211875,0.188625,0.205625,0.193875,0.154166667,0.177916667,0.143458333,0.171125
2020,150,0.160583333,0.208166667,0.184916667,0.177375,0.195125,0.196291667,0.221708333,0.241666667,0.169416667,0.246791667,0.209375,0.186833333,0.202916667,0.192083333,0.1525,0.176583333,0.142125,0.168875
2020,151,0.164,0.21525,0.185583333,0.176625,0.198416667,0.198208333,0.225166667,0.241041667,0.172208333,0.249375,0.215791667,0.18775,0.205875,0.200375,0.152958333,0.181041667,0.142208333,0.173625
2020,152,0.156375,0.206666667,0.180791667,0.173208333,0.192833333,0.194125,0.217166667,0.236291667,0.168083333,0.242625,0.208875,0.18325,0.20125,0.192791667,0.150458333,0.176416667,0.140666667,0.166125
2020,153,0.153,0.202708333,0.178166667,0.171041667,0.189583333,0.192,0.214166667,0.232708333,0.165625,0.238958333,0.205291667,0.180291667,0.198,0.189208333,0.148125,0.1735,0.138958333,0.16225
2020,154,0.1505,0.199791667,0.176125,0.169125,0.186833333,0.19025,0.211833333,0.230458333,0.16325,0.236166667,0.2025,0.178125,0.195333333,0.186666667,0.146166667,0.171333333,0.137125,0.159625
2020,155,0.14775,0.196125,0.17325,0.167208333,0.184166667,0.188083333,0.208875,0.2275,0.161125,0.232916667,0.199583333,0.175625,0.191916667,0.184083333,0.144208333,0.169083333,0.134625,0.155916667
2020,156,0.14375,0.191833333,0.169333333,0.164375,0.180791667,0.185708333,0.205083333,0.223791667,0.158333333,0.229041667,0.195791667,0.172125,0.187916667,0.18125,0.142333333,0.167208333,0.13125,0.151625
2020,157,0.150208333,0.201,0.171916667,0.163083333,0.188125,0.190666667,0.210333333,0.225833333,0.167791667,0.233958333,0.205166667,0.175875,0.189208333,0.189833333,0.145125,0.173916667,0.130708333,0.154166667
2020,158,0.147458333,0.195083333,0.169958333,0.161833333,0.182291667,0.187583333,0.203416667,0.221041667,0.163458333,0.228333333,0.201291667,0.174208333,0.188125,0.186041667,0.144291667,0.172291667,0.130916667,0.152541667
2020,159,0.142375,0.189916667,0.165833333,0.158666667,0.178791667,0.1845,0.200166667,0.217041667,0.160291667,0.224416667,0.196916667,0.171375,0.185333333,0.181791667,0.142791667,0.168708333,0.128791667,0.147958333
2020,160,0.135791667,0.183958333,0.160208333,0.155416667,0.174375,0.181291667,0.195875,0.212583333,0.155458333,0.219708333,0.190916667,0.166083333,0.180083333,0.178083333,0.139916667,0.16475,0.124291667,0.142
2020,161,0.129291667,0.178125,0.154333333,0.151875,0.170125,0.178041667,0.191375,0.208375,0.15125,0.214791667,0.185916667,0.160958333,0.174333333,0.174333333,0.13725,0.161625,0.119291667,0.135458333
2020,162,0.123583333,0.172708333,0.148208333,0.147958333,0.166291667,0.175041667,0.187333333,0.204291667,0.14725,0.21025,0.181,0.156833333,0.168791667,0.17075,0.135,0.158625,0.114166667,0.128958333
2020,163,0.127958333,0.181583333,0.147833333,0.146708333,0.168,0.179791667,0.192833333,0.205208333,0.150958333,0.212416667,0.190166667,0.160375,0.177875,0.175416667,0.136208333,0.159791667,0.114041667,0.127208333
2020,164,0.128875,0.182166667,0.149875,0.147125,0.16875,0.178791667,0.190041667,0.205166667,0.153791667,0.212916667,0.188791667,0.161958333,0.176791667,0.178,0.137166667,0.16125,0.116125,0.127625
2020,165,0.12125,0.172916667,0.143125,0.142958333,0.163583333,0.173625,0.182791667,0.199541667,0.147666667,0.206791667,0.180166667,0.155708333,0.166916667,0.171833333,0.133875,0.156833333,0.110833333,0.121708333
2020,166,0.116166667,0.166625,0.13775,0.139625,0.159958333,0.171,0.178583333,0.195291667,0.1435,0.202333333,0.175083333,0.151708333,0.160708333,0.167875,0.131291667,0.153958333,0.10625,0.116375
2020,167,0.112375,0.161416667,0.133,0.136666667,0.156916667,0.168375,0.175208333,0.191833333,0.13975,0.198375,0.170583333,0.148166667,0.155291667,0.164666667,0.129166667,0.150958333,0.102166667,0.111541667
2020,168,0.108208333,0.155583333,0.1275,0.132916667,0.153666667,0.16575,0.170791667,0.188041667,0.136208333,0.193916667,0.165875,0.144166667,0.148708333,0.161458333,0.12725,0.14775,0.097291667,0.106375
2020,169,0.103,0.148541667,0.120833333,0.128208333,0.150041667,0.162708333,0.165375,0.183166667,0.131708333,0.189125,0.160416667,0.139166667,0.141041667,0.157875,0.125083333,0.144625,0.091375,0.100583333
2020,170,0.099375,0.142458333,0.114916667,0.124208333,0.146333333,0.16025,0.160458333,0.178583333,0.126791667,0.1815,0.155375,0.133625,0.134458333,0.154875,0.122666667,0.140208333,0.087166667,0.0955
2020,171,0.095916667,0.13675,0.109416667,0.119916667,0.142916667,0.157708333,0.155541667,0.174416667,0.122541667,0.174,0.150916667,0.128791667,0.127833333,0.151708333,0.1205,0.136208333,0.083166667,0.091125
2020,172,0.09225,0.129875,0.1035,0.115041667,0.139083333,0.154833333,0.149791667,0.169458333,0.118625,0.168958333,0.145833333,0.124541667,0.120833333,0.148208333,0.118791667,0.133666667,0.079166667,0.086458333
2020,173,0.088,0.122541667,0.097458333,0.110083333,0.134875,0.151666667,0.143208333,0.164375,0.11475,0.163791667,0.14075,0.120166667,0.113916667,0.14475,0.116666667,0.131041667,0.07525,0.082291667
2020,174,0.085125,0.115916667,0.092375,0.105291667,0.130916667,0.14875,0.137333333,0.159625,0.110708333,0.158708333,0.135666667,0.116291667,0.108041667,0.141458333,0.11475,0.128458333,0.072208333,0.07875
2020,175,0.082416667,0.109875,0.087916667,0.100916667,0.127291667,0.146458333,0.131916667,0.155375,0.10725,0.15375,0.13125,0.112625,0.102916667,0.138625,0.113083333,0.126125,0.070125,0.07575
2020,176,0.08025,0.104208333,0.084125,0.097125,0.123833333,0.144125,0.126375,0.151125,0.103958333,0.149083333,0.127208333,0.109791667,0.098666667,0.136,0.111333333,0.123791667,0.068583333,0.073333333
2020,177,0.0775,0.097958333,0.080875,0.092833333,0.11975,0.141125,0.120458333,0.146791667,0.100166667,0.143666667,0.122916667,0.106125,0.094166667,0.132791667,0.109291667,0.121166667,0.066875,0.071125
2020,178,0.073833333,0.091583333,0.077083333,0.088041667,0.115083333,0.137583333,0.11325,0.141958333,0.095916667,0.137416667,0.117916667,0.101666667,0.089958333,0.129666667,0.10725,0.118583333,0.065125,0.068958333
2020,179,0.072458333,0.087666667,0.074916667,0.084583333,0.110958333,0.135291667,0.108291667,0.137875,0.093,0.132125,0.113916667,0.099,0.087458333,0.127416667,0.105708333,0.115958333,0.064083333,0.067291667
2020,180,0.072458333,0.086875,0.074458333,0.083833333,0.109791667,0.13425,0.106708333,0.135416667,0.092041667,0.130916667,0.112541667,0.098291667,0.086916667,0.126125,0.1055,0.114375,0.064,0.066708333
2020,181,0.074125,0.086,0.074,0.083,0.109291667,0.1345,0.108583333,0.133958333,0.092,0.131458333,0.113208333,0.098125,0.086916667,0.127583333,0.106125,0.115333333,0.06425,0.066875
2020,182,0.089416667,0.102583333,0.081375,0.094625,0.126,0.143125,0.127125,0.155583333,0.130875,0.160916667,0.13475,0.107666667,0.116125,0.156708333,0.116291667,0.136666667,0.072083333,0.086041667
2020,183,0.128125,0.1645,0.144083333,0.132208333,0.169416667,0.179458333,0.175833333,0.219208333,0.186708333,0.215333333,0.189083333,0.164291667,0.198791667,0.20525,0.150583333,0.175958333,0.105708333,0.168666667
2020,184,0.127625,0.150458333,0.143708333,0.125083333,0.156,0.172291667,0.1635,0.201125,0.164958333,0.196041667,0.176208333,0.153833333,0.180708333,0.189916667,0.143916667,0.165875,0.100791667,0.157041667
2020,185,0.121083333,0.141291667,0.135958333,0.118875,0.146791667,0.16925,0.153791667,0.190666667,0.154916667,0.186166667,0.166916667,0.147083333,0.167333333,0.181958333,0.139125,0.1605,0.09725,0.142083333
2020,186,0.113708333,0.13225,0.128291667,0.113791667,0.140291667,0.163291667,0.144375,0.182916667,0.143833333,0.177166667,0.158291667,0.141333333,0.155666667,0.172583333,0.133625,0.153916667,0.090958333,0.130916667
2020,187,0.103958333,0.120916667,0.117208333,0.107291667,0.132625,0.157791667,0.133916667,0.174416667,0.134125,0.167708333,0.148833333,0.133416667,0.142041667,0.164291667,0.128375,0.147625,0.083125,0.118333333
2020,188,0.09525,0.110166667,0.10675,0.100625,0.124916667,0.15275,0.123958333,0.16625,0.125291667,0.15825,0.1395,0.125708333,0.128625,0.157291667,0.123666667,0.14225,0.076333333,0.106041667
2020,189,0.08925,0.102416667,0.098583333,0.09525,0.11875,0.148375,0.11675,0.159458333,0.118666667,0.150458333,0.132125,0.119375,0.119375,0.151625,0.120166667,0.13725,0.071666667,0.096875
2020,190,0.086375,0.098333333,0.094291667,0.092625,0.115333333,0.145208333,0.113083333,0.153958333,0.11525,0.145875,0.127833333,0.1165,0.114916667,0.1475,0.117083333,0.133125,0.07,0.091875
2020,191,0.083375,0.094625,0.090583333,0.090166667,0.112791667,0.142416667,0.109541667,0.149166667,0.114625,0.141791667,0.12425,0.113541667,0.110041667,0.144375,0.114541667,0.130125,0.06875,0.088666667
2020,192,0.080416667,0.095708333,0.086208333,0.088458333,0.113291667,0.139958333,0.107916667,0.14525,0.125875,0.149541667,0.122541667,0.108791667,0.103666667,0.147958333,0.112375,0.131833333,0.066916667,0.085
2020,193,0.111583333,0.112416667,0.120458333,0.105833333,0.149416667,0.185,0.160125,0.17275,0.184708333,0.205791667,0.152708333,0.132916667,0.18875,0.192,0.130708333,0.157416667,0.094583333,0.093208333
2020,194,0.108875,0.114583333,0.126458333,0.110041667,0.144083333,0.168666667,0.153333333,0.17225,0.160916667,0.185625,0.159041667,0.135,0.17425,0.177958333,0.127583333,0.152208333,0.093,0.089333333
2020,195,0.098458333,0.109416667,0.115291667,0.104916667,0.130458333,0.1565,0.136916667,0.163166667,0.141916667,0.169166667,0.147958333,0.127291667,0.153125,0.165708333,0.120375,0.144166667,0.083416667,0.083958333
2020,196,0.09075,0.107458333,0.105083333,0.099041667,0.120791667,0.149291667,0.125791667,0.156,0.136208333,0.157791667,0.141,0.120541667,0.139625,0.157833333,0.116833333,0.138541667,0.077166667,0.081291667
2020,197,0.086416667,0.107458333,0.09975,0.095208333,0.116,0.146375,0.120583333,0.1505,0.133791667,0.150875,0.137625,0.118,0.134333333,0.154291667,0.117208333,0.13575,0.074833333,0.080166667
2020,198,0.082125,0.099916667,0.09325,0.090708333,0.110583333,0.141666667,0.113625,0.144333333,0.124458333,0.143083333,0.130208333,0.112875,0.123541667,0.147833333,0.113375,0.130291667,0.071208333,0.077
2020,199,0.096041667,0.126166667,0.118833333,0.105625,0.145583333,0.165125,0.149,0.158208333,0.16775,0.185291667,0.153083333,0.137833333,0.1655,0.188416667,0.127291667,0.151291667,0.0845,0.084833333
2020,200,0.095875,0.128833333,0.126041667,0.108625,0.141125,0.159,0.147125,0.164583333,0.153125,0.17925,0.157375,0.140791667,0.163541667,0.178541667,0.127083333,0.151166667,0.088,0.084333333
2020,201,0.085958333,0.115583333,0.111291667,0.100333333,0.126291667,0.147541667,0.129708333,0.156041667,0.135666667,0.161166667,0.144208333,0.1285,0.14075,0.164208333,0.119416667,0.143791667,0.079,0.079458333
2020,202,0.078916667,0.103041667,0.098333333,0.092625,0.114833333,0.139708333,0.116625,0.14775,0.123333333,0.14725,0.132458333,0.118,0.122916667,0.154208333,0.113625,0.1375,0.071625,0.07575
2020,203,0.073625,0.0925,0.087833333,0.085458333,0.104958333,0.133291667,0.105125,0.139875,0.113166667,0.1355,0.121333333,0.109041667,0.108125,0.145833333,0.108791667,0.131875,0.067,0.071833333
2020,204,0.081666667,0.102083333,0.096708333,0.094166667,0.114333333,0.143458333,0.117125,0.148541667,0.138083333,0.154125,0.120916667,0.111916667,0.129541667,0.164875,0.11375,0.150625,0.07025,0.078625
2020,205,0.161583333,0.20475,0.203833333,0.178625,0.191958333,0.207708333,0.207916667,0.249041667,0.236708333,0.245416667,0.197541667,0.192625,0.25375,0.24875,0.1725,0.225041667,0.141583333,0.187041667
2020,206,0.161541667,0.184375,0.182958333,0.160583333,0.1735,0.191541667,0.182666667,0.226041667,0.199,0.223708333,0.19425,0.177583333,0.218166667,0.219416667,0.162375,0.195833333,0.142,0.180791667
2020,207,0.141708333,0.163291667,0.158,0.140791667,0.154958333,0.176916667,0.159791667,0.203625,0.170166667,0.201291667,0.177666667,0.161041667,0.188583333,0.198,0.150208333,0.176416667,0.126166667,0.162125
2020,208,0.126,0.147875,0.139291667,0.1275,0.141208333,0.169083333,0.143958333,0.18925,0.1525,0.18525,0.163458333,0.149625,0.1665,0.18525,0.142583333,0.165208333,0.112458333,0.14625
2020,209,0.112541667,0.134208333,0.1235,0.116625,0.129541667,0.162375,0.130708333,0.177833333,0.139208333,0.171708333,0.151041667,0.14,0.147125,0.175166667,0.136791667,0.156625,0.099916667,0.131041667
2020,210,0.101333333,0.122041667,0.111041667,0.1075,0.11925,0.156916667,0.119916667,0.168416667,0.128125,0.16,0.140125,0.131708333,0.130916667,0.1665,0.1315,0.150666667,0.089375,0.117666667
2020,211,0.092791667,0.110833333,0.100708333,0.099041667,0.10975,0.151708333,0.110458333,0.16,0.118708333,0.14925,0.130083333,0.123458333,0.11625,0.159333333,0.127291667,0.14525,0.080583333,0.10575
2020,212,0.093291667,0.124125,0.094875,0.096,0.109791667,0.147208333,0.10975,0.157333333,0.14475,0.159791667,0.124458333,0.122416667,0.111375,0.164333333,0.126208333,0.146916667,0.076541667,0.1025
2020,213,0.092875,0.130208333,0.095041667,0.100583333,0.119333333,0.147333333,0.119583333,0.1625,0.146041667,0.176208333,0.126625,0.133208333,0.122375,0.173541667,0.13125,0.151541667,0.077541667,0.105916667
2020,214,0.083416667,0.112833333,0.088375,0.092291667,0.108083333,0.141916667,0.107416667,0.151458333,0.12675,0.153208333,0.119625,0.121958333,0.108958333,0.159541667,0.123541667,0.144333333,0.071916667,0.095083333
2020,215,0.0855,0.12325,0.093416667,0.091625,0.107375,0.155375,0.113,0.157916667,0.144583333,0.167083333,0.117833333,0.121458333,0.123875,0.174583333,0.123625,0.157208333,0.076458333,0.09
2020,216,0.092375,0.14675,0.116208333,0.106041667,0.118375,0.1575,0.132,0.174,0.154833333,0.185958333,0.126666667,0.133958333,0.161958333,0.185625,0.129375,0.16925,0.087208333,0.093708333
2020,217,0.088375,0.132833333,0.1065,0.101708333,0.111416667,0.148875,0.1215,0.16225,0.141916667,0.167625,0.125708333,0.127,0.146875,0.172458333,0.123791667,0.158541667,0.081375,0.090041667
2020,218,0.088333333,0.130916667,0.103541667,0.100625,0.108083333,0.151958333,0.121833333,0.159333333,0.141041667,0.167083333,0.129125,0.125875,0.149291667,0.172,0.12325,0.155958333,0.084541667,0.087916667
2020,219,0.080125,0.113625,0.092958333,0.092458333,0.09925,0.142,0.111791667,0.150333333,0.125791667,0.15175,0.120583333,0.117375,0.13125,0.1595,0.117958333,0.147625,0.076125,0.082458333
2020,220,0.0745,0.099375,0.084875,0.08525,0.090791667,0.135333333,0.102375,0.141916667,0.11475,0.139166667,0.111958333,0.109583333,0.115583333,0.150083333,0.1135,0.140833333,0.07025,0.0775
2020,221,0.070208333,0.08925,0.078583333,0.079541667,0.084083333,0.129708333,0.094458333,0.135083333,0.105875,0.128833333,0.1045,0.102041667,0.102916667,0.142833333,0.109625,0.134916667,0.066625,0.073375
2020,222,0.066708333,0.0815,0.07325,0.074375,0.077791667,0.124125,0.087166667,0.128541667,0.097666667,0.118833333,0.097125,0.095041667,0.092291667,0.135666667,0.105708333,0.129166667,0.063666667,0.069708333
2020,223,0.063708333,0.076083333,0.068708333,0.070333333,0.072041667,0.118958333,0.080708333,0.122625,0.089875,0.109541667,0.090166667,0.088666667,0.08425,0.128916667,0.101875,0.124083333,0.061208333,0.066541667
2020,224,0.061,0.071666667,0.064916667,0.066708333,0.066958333,0.1135,0.075416667,0.117166667,0.082458333,0.100208333,0.083333333,0.083125,0.078166667,0.1225,0.098375,0.119166667,0.05925,0.063541667
2020,225,0.059083333,0.068458333,0.06225,0.064041667,0.062916667,0.10825,0.071666667,0.11225,0.076208333,0.092083333,0.077375,0.078625,0.073875,0.116666667,0.09475,0.115166667,0.057833333,0.061125
2020,226,0.057083333,0.0655,0.060125,0.06175,0.059458333,0.102708333,0.06875,0.107333333,0.070541667,0.085333333,0.072,0.074708333,0.071,0.110791667,0.091166667,0.110375,0.056166667,0.059041667
2020,227,0.055541667,0.063125,0.058541667,0.060041667,0.056666667,0.097916667,0.066375,0.101125,0.066291667,0.080208333,0.06775,0.071708333,0.068666667,0.105375,0.087291667,0.106083333,0.054916667,0.057458333
2020,228,0.055,0.06175,0.057541667,0.059,0.05475,0.094166667,0.065,0.097125,0.063583333,0.077208333,0.064708333,0.069708333,0.067,0.100833333,0.084166667,0.1025,0.054125,0.056291667
2020,229,0.055,0.061583333,0.057,0.059,0.054666667,0.092583333,0.065,0.094666667,0.063,0.076666667,0.064083333,0.069041667,0.067041667,0.098583333,0.082958333,0.100541667,0.054041667,0.056
2020,230,0.0545,0.060583333,0.056666667,0.0585,0.053916667,0.090125,0.064583333,0.092083333,0.061583333,0.075291667,0.063125,0.068625,0.066666667,0.096041667,0.081458333,0.098625,0.054,0.055625
2020,231,0.053416667,0.059583333,0.055875,0.0575,0.052666667,0.085958333,0.06325,0.089458333,0.059666667,0.0735,0.061166667,0.067583333,0.065541667,0.092833333,0.078541667,0.095791667,0.053583333,0.054708333
2020,232,0.054583333,0.069708333,0.055,0.061958333,0.057416667,0.082625,0.070916667,0.091875,0.063291667,0.073416667,0.062208333,0.068791667,0.081541667,0.100958333,0.076833333,0.10125,0.05325,0.059916667
2020,233,0.054625,0.076791667,0.0555,0.065916667,0.063,0.080833333,0.078958333,0.097375,0.067958333,0.076833333,0.06525,0.073625,0.108625,0.110541667,0.078791667,0.104166667,0.053708333,0.067
2020,234,0.052583333,0.065625,0.055,0.060125,0.056416667,0.07825,0.069875,0.09225,0.062875,0.074916667,0.061416667,0.071,0.086916667,0.101208333,0.076083333,0.097083333,0.053125,0.060666667
2020,235,0.051125,0.061125,0.054791667,0.057375,0.053833333,0.07575,0.064583333,0.088208333,0.059875,0.072583333,0.060125,0.068666667,0.074916667,0.094916667,0.073291667,0.095791667,0.052916667,0.057041667
2020,236,0.0655,0.096666667,0.097833333,0.085916667,0.083791667,0.095416667,0.101625,0.11275,0.088416667,0.119875,0.078125,0.1015,0.12775,0.136416667,0.087791667,0.134208333,0.064875,0.09025
2020,237,0.109708333,0.137833333,0.147,0.1145,0.117375,0.118791667,0.136125,0.161625,0.121625,0.168791667,0.103708333,0.142375,0.182333333,0.172125,0.1155,0.162791667,0.087791667,0.144
2020,238,0.100916667,0.117833333,0.123333333,0.102083333,0.099625,0.109666667,0.117541667,0.147333333,0.106,0.146125,0.0965,0.126125,0.153541667,0.152125,0.105083333,0.148625,0.079625,0.125333333
2020,239,0.089291667,0.103583333,0.107125,0.092416667,0.08825,0.10375,0.104833333,0.136833333,0.094375,0.132375,0.089416667,0.115625,0.132458333,0.140166667,0.097958333,0.140625,0.073208333,0.110583333
2020,240,0.088166667,0.122541667,0.112291667,0.098375,0.104916667,0.116208333,0.116416667,0.145166667,0.112333333,0.146916667,0.093916667,0.122791667,0.139541667,0.162708333,0.098958333,0.151583333,0.072458333,0.106208333
2020,241,0.092166667,0.1385,0.129458333,0.1075,0.115708333,0.126291667,0.126375,0.154041667,0.124708333,0.162791667,0.100958333,0.133,0.149,0.166791667,0.104375,0.155958333,0.077666667,0.118333333
2020,242,0.108125,0.168833333,0.151791667,0.126708333,0.137,0.156541667,0.15275,0.168208333,0.162916667,0.189583333,0.110166667,0.152375,0.186875,0.198,0.117958333,0.177041667,0.097166667,0.136041667
2020,243,0.132333333,0.17225,0.173208333,0.1385,0.140083333,0.161166667,0.163541667,0.196833333,0.16875,0.197708333,0.135916667,0.167166667,0.198083333,0.201166667,0.134125,0.183958333,0.118708333,0.170791667
2020,244,0.116541667,0.142458333,0.145333333,0.120958333,0.118416667,0.13925,0.138916667,0.17375,0.139083333,0.170625,0.127791667,0.145041667,0.169041667,0.174208333,0.119166667,0.165958333,0.108875,0.151125
2020,245,0.105791667,0.127833333,0.129083333,0.111333333,0.107041667,0.129916667,0.126666667,0.160208333,0.124625,0.156875,0.1205,0.134291667,0.15125,0.16225,0.111708333,0.155791667,0.100541667,0.136916667
2020,246,0.102375,0.13475,0.127333333,0.107625,0.1075,0.14625,0.128041667,0.154833333,0.132083333,0.154208333,0.120916667,0.13,0.149291667,0.174083333,0.109541667,0.1595,0.105125,0.128708333
2020,247,0.109708333,0.152333333,0.146541667,0.113958333,0.1245,0.162166667,0.146583333,0.165583333,0.154125,0.17175,0.129333333,0.141291667,0.169833333,0.184958333,0.11725,0.168083333,0.115791667,0.126083333
2020,248,0.103875,0.136291667,0.135583333,0.111041667,0.111875,0.141458333,0.13575,0.15925,0.135625,0.162541667,0.122041667,0.136291667,0.153541667,0.16575,0.110958333,0.159416667,0.106083333,0.120208333
2020,249,0.095791667,0.119375,0.119458333,0.103125,0.100583333,0.129958333,0.122666667,0.149208333,0.120125,0.150125,0.114791667,0.126833333,0.136166667,0.153333333,0.105375,0.151166667,0.095458333,0.111208333
2020,250,0.089,0.10675,0.107791667,0.096083333,0.09275,0.122541667,0.112916667,0.140958333,0.109291667,0.140166667,0.108125,0.119916667,0.122,0.14475,0.10175,0.144416667,0.0865,0.102375
2020,251,0.083791667,0.0965,0.09825,0.089166667,0.085958333,0.117083333,0.1045,0.1335,0.100333333,0.131416667,0.101875,0.114666667,0.109583333,0.137583333,0.098625,0.138916667,0.079041667,0.094166667
2020,252,0.078541667,0.087416667,0.090166667,0.083,0.080125,0.112291667,0.097083333,0.127791667,0.0925,0.123291667,0.096458333,0.110208333,0.099666667,0.131375,0.095541667,0.135,0.073208333,0.0875
2020,253,0.07525,0.081458333,0.084208333,0.078208333,0.076,0.108583333,0.091208333,0.122708333,0.086375,0.116958333,0.091958333,0.10675,0.092375,0.126458333,0.093125,0.131916667,0.0695,0.081791667
2020,254,0.079333333,0.098666667,0.110333333,0.089708333,0.104416667,0.127541667,0.113208333,0.131041667,0.114458333,0.126666667,0.099375,0.119291667,0.1215,0.148083333,0.101291667,0.140958333,0.080708333,0.086375
2020,255,0.090791667,0.139291667,0.144458333,0.108875,0.1325,0.139,0.140375,0.150875,0.140625,0.160458333,0.113625,0.140625,0.170166667,0.17025,0.119666667,0.160208333,0.09875,0.109291667
2020,256,0.087125,0.121125,0.123291667,0.099791667,0.114833333,0.125041667,0.123791667,0.142166667,0.120125,0.148,0.109,0.130541667,0.149916667,0.153833333,0.111833333,0.151958333,0.089916667,0.103083333
2020,257,0.08325,0.109166667,0.111208333,0.093541667,0.105666667,0.118291667,0.114333333,0.135416667,0.109166667,0.139041667,0.105166667,0.123791667,0.13575,0.144916667,0.106541667,0.146875,0.08325,0.096208333
2020,258,0.078833333,0.098666667,0.101333333,0.087208333,0.097291667,0.112958333,0.106458333,0.129375,0.099375,0.13075,0.100291667,0.118416667,0.123375,0.137708333,0.102291667,0.139625,0.077291667,0.089166667
2020,259,0.074625,0.088791667,0.092166667,0.080916667,0.089875,0.108375,0.098833333,0.123125,0.090458333,0.12275,0.09525,0.113208333,0.111583333,0.130625,0.098041667,0.133541667,0.071708333,0.082708333
2020,260,0.071333333,0.081791667,0.085416667,0.076125,0.0845,0.104875,0.092708333,0.1185,0.084083333,0.11625,0.091166667,0.108958333,0.102458333,0.124958333,0.094333333,0.129916667,0.068416667,0.077916667
2020,261,0.069125,0.076333333,0.079458333,0.072166667,0.080125,0.102083333,0.087541667,0.114208333,0.079125,0.110333333,0.087666667,0.105166667,0.095458333,0.12,0.090916667,0.126583333,0.065833333,0.073833333
2020,262,0.067083333,0.073208333,0.075,0.069375,0.076291667,0.099416667,0.083791667,0.110166667,0.075083333,0.105416667,0.084166667,0.101916667,0.09025,0.116208333,0.088333333,0.123583333,0.064208333,0.071125
2020,263,0.064541667,0.070041667,0.070791667,0.06675,0.072625,0.096416667,0.079666667,0.106083333,0.070791667,0.099583333,0.080708333,0.098625,0.08525,0.111458333,0.084625,0.120416667,0.062166667,0.068166667
2020,264,0.06225,0.067083333,0.066916667,0.064125,0.069166667,0.09375,0.075666667,0.101875,0.066958333,0.093833333,0.076875,0.095208333,0.080333333,0.10725,0.080791667,0.117458333,0.06025,0.06525
2020,265,0.06025,0.064833333,0.064125,0.062125,0.065875,0.091291667,0.072625,0.098291667,0.064166667,0.08875,0.073625,0.092041667,0.07675,0.103666667,0.077333333,0.114375,0.058875,0.063125
2020,266,0.058708333,0.063041667,0.061708333,0.060125,0.063125,0.089375,0.069833333,0.094583333,0.061625,0.084416667,0.070041667,0.089083333,0.074,0.099791667,0.073833333,0.111708333,0.057583333,0.061333333
2020,267,0.057458333,0.061166667,0.059458333,0.058666667,0.060625,0.086708333,0.067208333,0.091416667,0.05925,0.080666667,0.067166667,0.085916667,0.071375,0.096041667,0.070666667,0.109125,0.056458333,0.059541667
2020,268,0.056166667,0.059583333,0.057791667,0.057666667,0.058583333,0.085666667,0.065541667,0.088583333,0.057458333,0.077541667,0.065083333,0.083,0.069166667,0.092958333,0.068208333,0.10675,0.055416667,0.058416667
2020,269,0.055416667,0.058583333,0.056583333,0.056625,0.056625,0.084416667,0.064125,0.085666667,0.055916667,0.075041667,0.062916667,0.080416667,0.067208333,0.089958333,0.065916667,0.104125,0.054541667,0.056875
2020,270,0.054583333,0.057833333,0.055708333,0.056,0.055333333,0.08275,0.062791667,0.083125,0.05475,0.073541667,0.0615,0.078458333,0.066041667,0.087458333,0.064541667,0.102333333,0.053916667,0.055958333
2020,271,0.054,0.057625,0.055,0.055916667,0.054666667,0.081583333,0.062708333,0.080958333,0.054166667,0.072666667,0.060583333,0.07675,0.066,0.085708333,0.063666667,0.1005,0.053916667,0.055375
2020,272,0.053666667,0.056666667,0.054708333,0.055375,0.053625,0.08025,0.0625,0.079208333,0.053583333,0.071833333,0.059583333,0.075291667,0.065583333,0.083958333,0.062291667,0.099125,0.053541667,0.054833333
2020,273,0.05775,0.059208333,0.05425,0.055083333,0.060375,0.080958333,0.062791667,0.07875,0.057458333,0.071708333,0.0605,0.074791667,0.0665,0.090875,0.060833333,0.09925,0.054166667,0.056958333
2020,274,0.1005,0.162416667,0.125541667,0.127166667,0.134583333,0.174666667,0.150291667,0.113833333,0.169458333,0.140208333,0.07625,0.135166667,0.171041667,0.19025,0.098125,0.144791667,0.106083333,0.137875
2020,275,0.099916667,0.139416667,0.135875,0.119041667,0.119458333,0.140625,0.136791667,0.129916667,0.135375,0.150916667,0.073083333,0.1345,0.167958333,0.16,0.104041667,0.150791667,0.098875,0.144958333
2020,276,0.10075,0.131666667,0.125958333,0.111083333,0.111958333,0.132541667,0.127916667,0.127458333,0.132416667,0.142041667,0.07825,0.127333333,0.162833333,0.153791667,0.100791667,0.150041667,0.098041667,0.132458333
2020,277,0.099041667,0.129166667,0.12475,0.108,0.114708333,0.134791667,0.129833333,0.127083333,0.132166667,0.141791667,0.082,0.127333333,0.159125,0.153208333,0.100791667,0.148875,0.0985,0.127958333
2020,278,0.094125,0.118416667,0.115625,0.102541667,0.1065,0.125458333,0.121958333,0.1235,0.11825,0.136166667,0.080208333,0.122875,0.145208333,0.141833333,0.095375,0.143583333,0.091958333,0.118541667
2020,279,0.090416667,0.109666667,0.1075,0.097666667,0.100375,0.119208333,0.115416667,0.119458333,0.108291667,0.130083333,0.079458333,0.118541667,0.134583333,0.133916667,0.09175,0.139,0.086333333,0.11025
2020,280,0.087916667,0.104541667,0.102958333,0.0945,0.095916667,0.115875,0.110875,0.116125,0.102458333,0.125958333,0.078875,0.115083333,0.127958333,0.129375,0.089458333,0.137458333,0.083333333,0.104791667
2020,281,0.088791667,0.108083333,0.100791667,0.092083333,0.095333333,0.114958333,0.108125,0.114125,0.102875,0.123083333,0.081833333,0.115583333,0.126916667,0.137458333,0.088125,0.137958333,0.08375,0.100625
2020,282,0.08975,0.112958333,0.100541667,0.092125,0.102583333,0.123291667,0.11225,0.115041667,0.112166667,0.122,0.085291667,0.120125,0.131458333,0.14875,0.090958333,0.139458333,0.087208333,0.096625
2020,283,0.085916667,0.103208333,0.094791667,0.089833333,0.098291667,0.116958333,0.109208333,0.112125,0.10325,0.118791667,0.081708333,0.1165,0.120916667,0.135083333,0.088041667,0.135791667,0.081625,0.091333333
2020,284,0.082416667,0.095083333,0.089791667,0.086333333,0.093291667,0.111875,0.104833333,0.109,0.096208333,0.114875,0.079791667,0.113333333,0.112833333,0.126833333,0.085791667,0.132458333,0.077291667,0.086833333
2020,285,0.078708333,0.088083333,0.084375,0.081958333,0.088583333,0.107666667,0.09975,0.105708333,0.089375,0.110541667,0.07725,0.110291667,0.105,0.1205,0.083166667,0.12925,0.073041667,0.0825
2020,286,0.07675,0.083666667,0.081,0.078666667,0.084541667,0.104666667,0.095958333,0.102625,0.084125,0.107291667,0.07575,0.107625,0.100125,0.115875,0.081458333,0.126791667,0.070458333,0.07925
2020,287,0.128708333,0.172708333,0.131291667,0.145458333,0.131041667,0.179291667,0.1735,0.116458333,0.168375,0.151875,0.11675,0.161125,0.183,0.195708333,0.114125,0.178291667,0.132875,0.124
2020,288,0.156416667,0.175958333,0.178916667,0.146041667,0.141291667,0.1715,0.172625,0.156375,0.172458333,0.181333333,0.148541667,0.168125,0.201708333,0.195458333,0.133833333,0.186708333,0.132708333,0.176333333
2020,289,0.140416667,0.152125,0.159458333,0.131208333,0.126291667,0.149958333,0.153875,0.152458333,0.147208333,0.167541667,0.139166667,0.149333333,0.181958333,0.173958333,0.120208333,0.170166667,0.12125,0.1615
2020,290,0.159541667,0.187791667,0.180958333,0.155208333,0.148416667,0.186083333,0.177333333,0.169333333,0.1845,0.182875,0.15775,0.173083333,0.215333333,0.209875,0.136583333,0.191083333,0.146666667,0.174708333
2020,291,0.207375,0.238666667,0.223625,0.186083333,0.188916667,0.221708333,0.216791667,0.23425,0.233041667,0.225666667,0.19875,0.208958333,0.257625,0.249333333,0.171083333,0.227916667,0.178333333,0.212541667
2020,292,0.172125,0.195708333,0.191083333,0.155791667,0.15675,0.181,0.18525,0.199833333,0.180916667,0.203583333,0.177416667,0.177625,0.210416667,0.202,0.150333333,0.190916667,0.143458333,0.186
2020,293,0.159166667,0.185541667,0.18,0.1465,0.14575,0.169833333,0.175791667,0.185208333,0.166708333,0.193041667,0.168583333,0.168416667,0.198458333,0.189916667,0.143208333,0.179625,0.13625,0.176333333
2020,294,0.151916667,0.179708333,0.173208333,0.141375,0.139166667,0.164083333,0.1705,0.177125,0.158541667,0.18625,0.163041667,0.16325,0.19175,0.183208333,0.139125,0.173458333,0.132125,0.170458333
2020,295,0.147333333,0.175166667,0.16825,0.137666667,0.134125,0.160291667,0.166625,0.170916667,0.152916667,0.18125,0.159,0.159666667,0.186875,0.177958333,0.136041667,0.169166667,0.129166667,0.16625
2020,296,0.143625,0.17125,0.164125,0.1345,0.130375,0.156958333,0.163333333,0.165708333,0.148291667,0.176833333,0.155416667,0.156416667,0.182916667,0.173708333,0.133541667,0.165958333,0.126458333,0.162583333
2020,297,0.139958333,0.168041667,0.161083333,0.131916667,0.12725,0.154791667,0.161,0.161458333,0.144833333,0.173791667,0.15275,0.153958333,0.17975,0.1705,0.1315,0.163541667,0.124583333,0.159916667
2020,298,0.137666667,0.16575,0.158166667,0.13,0.125083333,0.153166667,0.159041667,0.158375,0.142041667,0.171666667,0.150625,0.152083333,0.177375,0.168041667,0.12975,0.161708333,0.122916667,0.157583333
2020,299,0.135166667,0.163458333,0.155666667,0.128041667,0.123208333,0.15175,0.157625,0.155125,0.139875,0.1695,0.148625,0.149833333,0.175625,0.165833333,0.128333333,0.160291667,0.121583333,0.155833333
2020,300,0.136833333,0.173458333,0.15975,0.132916667,0.125875,0.156625,0.164041667,0.153916667,0.143791667,0.172375,0.15275,0.152375,0.178458333,0.171583333,0.129458333,0.166333333,0.132583333,0.156166667
2020,301,0.13875,0.177041667,0.160416667,0.134916667,0.126833333,0.160958333,0.163875,0.155916667,0.147583333,0.174583333,0.15475,0.15425,0.182083333,0.172916667,0.130583333,0.166375,0.135458333,0.156541667
2020,302,0.146458333,0.193125,0.167958333,0.144958333,0.133416667,0.179791667,0.173291667,0.16725,0.165541667,0.180625,0.160125,0.159875,0.196416667,0.19075,0.13375,0.181125,0.144208333,0.157916667
2020,303,0.168041667,0.208333333,0.188625,0.160833333,0.152375,0.202375,0.193125,0.197708333,0.192291667,0.198333333,0.170208333,0.174625,0.227583333,0.211791667,0.146375,0.201583333,0.162166667,0.167375
2020,304,0.19075,0.216666667,0.205125,0.168791667,0.168416667,0.213125,0.206166667,0.225291667,0.202333333,0.212833333,0.184458333,0.191625,0.23625,0.221125,0.161125,0.210166667,0.166416667,0.192666667
2020,305,0.180583333,0.200458333,0.192708333,0.157833333,0.157041667,0.201791667,0.193458333,0.214,0.185083333,0.20475,0.178041667,0.184291667,0.213708333,0.204208333,0.15225,0.1975,0.148875,0.184375
2020,306,0.183916667,0.220291667,0.194666667,0.160041667,0.163416667,0.202125,0.200958333,0.212625,0.194291667,0.208708333,0.184541667,0.184166667,0.220958333,0.217666667,0.157875,0.201708333,0.162291667,0.186041667
2020,307,0.186208333,0.21625,0.202916667,0.164958333,0.169458333,0.202333333,0.203333333,0.218208333,0.196791667,0.2115,0.187833333,0.185666667,0.220291667,0.217833333,0.159708333,0.20525,0.1615,0.189833333
2020,308,0.176541667,0.200541667,0.191791667,0.158041667,0.157916667,0.189916667,0.192,0.204958333,0.180916667,0.204166667,0.179791667,0.177166667,0.208333333,0.2025,0.150583333,0.193791667,0.148208333,0.184041667
2020,309,0.17125,0.194833333,0.186541667,0.154791667,0.153125,0.184625,0.187208333,0.197916667,0.174291667,0.200625,0.176291667,0.17275,0.20225,0.1955,0.146125,0.188708333,0.144666667,0.180208333
2020,310,0.167375,0.190375,0.1825,0.152708333,0.1495,0.179666667,0.183333333,0.192791667,0.169083333,0.19775,0.173125,0.169208333,0.195708333,0.190958333,0.143166667,0.185,0.142375,0.17725
2020,311,0.164041667,0.186583333,0.178958333,0.150291667,0.146375,0.175625,0.180041667,0.18875,0.164875,0.194583333,0.170208333,0.166208333,0.19175,0.187,0.1405,0.181708333,0.139833333,0.1745
2020,312,0.161125,0.183416667,0.175916667,0.148333333,0.144041667,0.172583333,0.177583333,0.185416667,0.16175,0.192208333,0.167833333,0.163333333,0.188708333,0.183791667,0.138208333,0.179125,0.137833333,0.171958333
2020,313,0.158625,0.180625,0.173166667,0.146708333,0.142,0.170291667,0.175625,0.182208333,0.159,0.190041667,0.166,0.161041667,0.18625,0.180916667,0.136458333,0.176666667,0.136333333,0.169875
2020,314,0.156833333,0.178416667,0.171125,0.1455,0.140625,0.167958333,0.17375,0.180375,0.156458333,0.188083333,0.164125,0.158916667,0.183916667,0.178625,0.134666667,0.174916667,0.13475,0.168041667
2020,315,0.154958333,0.176583333,0.169083333,0.144208333,0.136125,0.166458333,0.172291667,0.178666667,0.154583333,0.186791667,0.162875,0.157208333,0.182166667,0.176416667,0.133375,0.173083333,0.133625,0.166583333
2020,316,0.15375,0.175041667,0.167666667,0.143375,0.132,0.165916667,0.171333333,0.176958333,0.152958333,0.186,0.16175,0.156,0.180458333,0.174833333,0.132083333,0.171583333,0.132666667,0.165041667
2020,317,0.153041667,0.177416667,0.166666667,0.143166667,0.131958333,0.168541667,0.171791667,0.176125,0.153791667,0.185958333,0.162125,0.155666667,0.181416667,0.174,0.132291667,0.171916667,0.13325,0.165041667
2020,318,0.158875,0.188208333,0.170125,0.146208333,0.134208333,0.175541667,0.177166667,0.177625,0.159666667,0.188833333,0.16925,0.15975,0.189458333,0.180041667,0.136333333,0.175208333,0.138708333,0.167875
2020,319,0.163458333,0.189625,0.174416667,0.149625,0.137875,0.180125,0.179625,0.18425,0.165875,0.19175,0.173625,0.165458333,0.193416667,0.184291667,0.139625,0.178458333,0.143333333,0.168791667
2020,320,0.163708333,0.192375,0.173083333,0.151666667,0.137625,0.178375,0.182666667,0.183208333,0.165208333,0.192708333,0.17125,0.164125,0.196208333,0.183291667,0.137833333,0.180166667,0.142916667,0.170166667
2020,321,0.195458333,0.217666667,0.199,0.178208333,0.163125,0.207416667,0.211333333,0.219666667,0.202208333,0.213541667,0.190291667,0.194041667,0.232458333,0.2145,0.159208333,0.203791667,0.164791667,0.189458333
2020,322,0.179,0.198458333,0.188083333,0.163708333,0.152041667,0.188333333,0.194125,0.206583333,0.180375,0.204666667,0.180958333,0.178208333,0.20975,0.1985,0.148208333,0.18975,0.147166667,0.18275
2020,323,0.172166667,0.192375,0.182708333,0.158208333,0.1475,0.181791667,0.188583333,0.198708333,0.172166667,0.2005,0.176541667,0.171625,0.201666667,0.192,0.143333333,0.18525,0.141958333,0.17875
2020,324,0.1685,0.188375,0.17925,0.155166667,0.14475,0.179791667,0.185666667,0.19425,0.167416667,0.198458333,0.174125,0.168,0.196791667,0.187833333,0.140791667,0.182791667,0.139583333,0.176208333
2020,325,0.166458333,0.18675,0.17725,0.154041667,0.143125,0.177583333,0.183791667,0.192083333,0.16475,0.197625,0.172833333,0.166458333,0.193833333,0.185125,0.139083333,0.181083333,0.139541667,0.174708333
2020,326,0.164166667,0.184583333,0.175125,0.152875,0.141625,0.174833333,0.182041667,0.189458333,0.16175,0.195708333,0.171458333,0.163833333,0.190833333,0.1825,0.137166667,0.179541667,0.13825,0.172666667
2020,327,0.161875,0.182666667,0.1725,0.1505,0.140166667,0.172416667,0.1805,0.186791667,0.159375,0.194083333,0.169416667,0.161625,0.188208333,0.180041667,0.1355,0.178291667,0.136791667,0.171125
2020,328,0.190666667,0.215208333,0.18975,0.17275,0.159625,0.206875,0.211708333,0.208125,0.190083333,0.210708333,0.1875,0.181916667,0.233,0.209958333,0.154583333,0.200208333,0.162583333,0.179583333
2020,329,0.188583333,0.206,0.19425,0.169875,0.160375,0.198666667,0.202458333,0.215166667,0.18875,0.211041667,0.188458333,0.184291667,0.219833333,0.207208333,0.15525,0.199958333,0.153958333,0.186083333
2020,330,0.179791667,0.198083333,0.187958333,0.163166667,0.153833333,0.1895,0.195041667,0.205791667,0.178333333,0.206708333,0.182958333,0.176708333,0.208625,0.1985,0.148375,0.19275,0.147375,0.182333333
2020,331,0.212875,0.247791667,0.213333333,0.1985,0.185333333,0.238625,0.233958333,0.237,0.219375,0.228666667,0.205625,0.201666667,0.260375,0.237583333,0.1675,0.223708333,0.17825,0.19925
2020,332,0.198166667,0.2205,0.2065,0.181791667,0.1735,0.211083333,0.213041667,0.226458333,0.199333333,0.221375,0.198041667,0.192833333,0.229166667,0.218583333,0.161541667,0.210958333,0.159833333,0.197541667
2020,333,0.185625,0.2075,0.195666667,0.171083333,0.163583333,0.197083333,0.203791667,0.213458333,0.185208333,0.214458333,0.189916667,0.182416667,0.213708333,0.205333333,0.153791667,0.200708333,0.151666667,0.188875
2020,334,0.18,0.200916667,0.1895,0.165708333,0.1585,0.190333333,0.199875,0.206666667,0.178166667,0.210916667,0.185583333,0.17675,0.205875,0.198333333,0.149083333,0.1955,0.147791667,0.183958333
2020,335,0.200833333,0.228291667,0.201,0.178958333,0.172666667,0.217416667,0.221791667,0.220791667,0.200625,0.223541667,0.198333333,0.190666667,0.224083333,0.219708333,0.160583333,0.211208333,0.164041667,0.200125
2020,336,0.208958333,0.232166667,0.214791667,0.189541667,0.183041667,0.221666667,0.226416667,0.237666667,0.2125,0.231625,0.205625,0.201708333,0.235208333,0.229041667,0.168583333,0.220416667,0.167583333,0.212791667
2020,337,0.190666667,0.211416667,0.199125,0.174041667,0.168083333,0.200375,0.213708333,0.218625,0.189958333,0.220791667,0.193708333,0.18575,0.215333333,0.209125,0.156625,0.204083333,0.153916667,0.195791667
2020,338,0.183166667,0.204875,0.191583333,0.168041667,0.162416667,0.193,0.207708333,0.211541667,0.180791667,0.216958333,0.188875,0.178791667,0.207416667,0.200791667,0.150958333,0.197583333,0.149166667,0.188708333
2020,339,0.178708333,0.200833333,0.187083333,0.16425,0.159125,0.188916667,0.203583333,0.20725,0.1745,0.21425,0.185833333,0.174708333,0.20225,0.195583333,0.14725,0.193333333,0.146833333,0.184375
2020,340,0.188041667,0.209541667,0.192125,0.168833333,0.163166667,0.205833333,0.210625,0.212041667,0.183958333,0.219041667,0.194708333,0.182125,0.212041667,0.20025,0.153833333,0.197833333,0.158333333,0.184958333
2020,341,0.195375,0.207041667,0.192958333,0.170208333,0.166,0.212166667,0.209,0.223125,0.189375,0.221333333,0.19325,0.196541667,0.215041667,0.209291667,0.158458333,0.203625,0.157416667,0.18575
2020,342,0.189916667,0.204625,0.189291667,0.16675,0.16425,0.205958333,0.207458333,0.218916667,0.184208333,0.218166667,0.189916667,0.188958333,0.209833333,0.203083333,0.153916667,0.200416667,0.152666667,0.184
2020,343,0.183666667,0.201291667,0.185166667,0.163416667,0.16075,0.201916667,0.203208333,0.214041667,0.176833333,0.214625,0.186333333,0.184708333,0.203083333,0.196083333,0.149,0.19675,0.147916667,0.181791667
2020,344,0.180208333,0.198333333,0.182,0.160916667,0.158041667,0.19825,0.20025,0.210666667,0.171833333,0.212291667,0.18375,0.180583333,0.1985,0.191625,0.146333333,0.19375,0.145333333,0.179458333
2020,345,0.181458333,0.196041667,0.179625,0.158875,0.156291667,0.200541667,0.198166667,0.210875,0.168625,0.211041667,0.181583333,0.181875,0.195166667,0.188,0.146708333,0.192416667,0.1435,0.177333333
2020,346,0.185875,0.193958333,0.177416667,0.157291667,0.156041667,0.200916667,0.196541667,0.2125,0.166625,0.211,0.18,0.183333333,0.193958333,0.185916667,0.149958333,0.192833333,0.14225,0.175458333
2020,347,0.204583333,0.193,0.176666667,0.162458333,0.160041667,0.215833333,0.196708333,0.223083333,0.1695,0.215041667,0.179541667,0.194333333,0.199875,0.195958333,0.15825,0.197583333,0.14275,0.176208333
2020,348,0.21025,0.196958333,0.2015,0.175666667,0.204458333,0.226,0.21325,0.241083333,0.217958333,0.236125,0.192041667,0.206458333,0.233083333,0.265083333,0.174041667,0.218958333,0.1615,0.197166667
2020,349,0.194,0.2045,0.203541667,0.173166667,0.181583333,0.207,0.213083333,0.2235,0.202791667,0.228125,0.195083333,0.192041667,0.22375,0.227791667,0.162041667,0.208791667,0.162125,0.197458333
2020,350,0.188041667,0.202375,0.194916667,0.168125,0.170041667,0.200541667,0.208208333,0.217625,0.188041667,0.220666667,0.189458333,0.185916667,0.213125,0.2105,0.15575,0.201916667,0.153333333,0.189833333
2020,351,0.181291667,0.198875,0.188375,0.163416667,0.164708333,0.191875,0.203666667,0.210958333,0.179458333,0.214375,0.185083333,0.178875,0.206708333,0.202458333,0.149916667,0.197416667,0.147291667,0.184458333
2020,352,0.178583333,0.197,0.1845,0.161,0.161291667,0.192083333,0.201375,0.208,0.174666667,0.2135,0.18325,0.176708333,0.202333333,0.197125,0.14725,0.194166667,0.144791667,0.18125
2020,353,0.183666667,0.19575,0.1825,0.160833333,0.158791667,0.195791667,0.199708333,0.209458333,0.171666667,0.213333333,0.182708333,0.181166667,0.199416667,0.193208333,0.14725,0.192458333,0.144083333,0.18
2020,354,0.186208333,0.194166667,0.180083333,0.15925,0.157083333,0.198041667,0.198041667,0.212,0.168958333,0.211583333,0.180958333,0.183416667,0.19675,0.189916667,0.148333333,0.19125,0.143041667,0.178166667
2020,355,0.187666667,0.193041667,0.177916667,0.15775,0.155416667,0.19925,0.1965,0.213583333,0.166916667,0.210458333,0.179583333,0.18325,0.194333333,0.187416667,0.148291667,0.191,0.142,0.176375
2020,356,0.193625,0.192041667,0.17625,0.156625,0.154208333,0.2035,0.196,0.218291667,0.166,0.209291667,0.178625,0.18725,0.192666667,0.185416667,0.150875,0.192,0.14125,0.174916667
2020,357,0.193208333,0.191208333,0.175208333,0.156,0.153708333,0.203541667,0.1965,0.219041667,0.166583333,0.209,0.177916667,0.189583333,0.192083333,0.185583333,0.152541667,0.193875,0.141,0.173375
2020,358,0.187541667,0.191,0.174291667,0.155708333,0.154,0.197916667,0.197,0.214708333,0.167,0.209,0.177541667,0.184541667,0.192041667,0.187041667,0.150583333,0.193833333,0.140375,0.172208333
2020,359,0.186958333,0.190708333,0.174458333,0.156833333,0.182875,0.197541667,0.210708333,0.21275,0.173791667,0.216291667,0.1785,0.188875,0.197291667,0.224833333,0.152291667,0.196541667,0.142583333,0.174208333
2020,360,0.242625,0.262916667,0.236583333,0.225208333,0.252083333,0.273958333,0.321625,0.267625,0.270875,0.271458333,0.22825,0.234666667,0.296875,0.327291667,0.187416667,0.251625,0.199708333,0.241
2020,361,0.213375,0.243291667,0.214958333,0.200958333,0.206625,0.224708333,0.283125,0.2525,0.214083333,0.251916667,0.213125,0.20425,0.238958333,0.239166667,0.170333333,0.222291667,0.167333333,0.2135
2020,362,0.203375,0.227958333,0.20075,0.190625,0.193083333,0.2065,0.25875,0.24125,0.194166667,0.242,0.203416667,0.189208333,0.219208333,0.217458333,0.158708333,0.208708333,0.154791667,0.198416667
2020,363,0.199375,0.221666667,0.195333333,0.186375,0.187291667,0.200541667,0.248375,0.237208333,0.185583333,0.238791667,0.1995,0.183625,0.210833333,0.207791667,0.15325,0.202541667,0.150333333,0.19175
2020,364,0.196375,0.218208333,0.192958333,0.184083333,0.18375,0.196166667,0.242125,0.23425,0.181416667,0.236,0.197375,0.179583333,0.205791667,0.201291667,0.149166667,0.198833333,0.148458333,0.187666667
2020,365,0.193166667,0.213541667,0.189,0.17975,0.179958333,0.19325,0.236166667,0.23125,0.176416667,0.230916667,0.193,0.176208333,0.200958333,0.196916667,0.146166667,0.195583333,0.14275,0.182666667
2020,366,0.204708333,0.226291667,0.194125,0.185583333,0.184791667,0.207125,0.241916667,0.23975,0.191416667,0.238041667,0.204166667,0.187416667,0.213916667,0.203583333,0.151333333,0.199541667,0.153291667,0.18475